<?xml version="1.0" encoding="utf-8"?>
<feed xmlns="http://www.w3.org/2005/Atom">
    <title>Avery Glitch</title>
    <link href="https://averyglitch.neocities.org/atom.xml" rel="self" />
    <link href="https://averyglitch.neocities.org" />
    <id>https://averyglitch.neocities.org/atom.xml</id>
    <author>
        <name>Avery Glitch</name>
        <email>averymeath@gmail.com</email>
    </author>
    <updated>2017-09-29T00:00:00Z</updated>
    <entry>
    <title>A small update</title>
    <link href="https://averyglitch.neocities.org/posts/2017-09-29-a-small-update.html" />
    <id>https://averyglitch.neocities.org/posts/2017-09-29-a-small-update.html</id>
    <published>2017-09-29T00:00:00Z</published>
    <updated>2017-09-29T00:00:00Z</updated>
    <summary type="html"><![CDATA[<div class="info">
    Posted on September 29, 2017
    
</div>
<div class="info">
    
    Tags: <a href="/tags/dapiica.html">dapiica</a>
    
</div>

<p>Currently, the dapiica pages have a bunch of innacuracies and half finished things in them. Sorry.</p>
<p>But a few small updates:</p>
<ul>
<li>There is now a way to talk about verbs in an unmarked way. <em>pati</em>, if said by itself, means “I am cooking”. If you just want to talk about the act of cooking, then you can say <em>patitam</em> (“to cook”).</li>
<li>The locatives suck and I’m gonna be completely changing them. They’re too long and complex, in a way that really makes no sense</li>
<li>There’s now a generic greeting:</li>
</ul>
<div data-gloss="">
<p>
piituuti
</p>
<p>
pii- tuuti -ø
</p>
<p>
DEINTENSIFIER- welcome -1SG.ABS
</p>
<p>
“I small welcome”
</p>
</div>
]]></summary>
</entry>
<entry>
    <title>Dapiica: Questions, colours, and setting</title>
    <link href="https://averyglitch.neocities.org/posts/2017-08-24-dapiica-questions-colours-and-setting.html" />
    <id>https://averyglitch.neocities.org/posts/2017-08-24-dapiica-questions-colours-and-setting.html</id>
    <published>2017-08-24T00:00:00Z</published>
    <updated>2017-08-24T00:00:00Z</updated>
    <summary type="html"><![CDATA[<div class="info">
    Posted on August 24, 2017
    
</div>
<div class="info">
    
    Tags: <a href="/tags/dapiica.html">dapiica</a>
    
</div>

<p>It’s been a while, but I’ve got a significant update to dapiica - There are now questions!</p>
<div data-gloss="">
<p>
c’icaʒt’a
</p>
<p>
c’i- ca -ʒ -t’a
</p>
<p>
can- speak- -2SG.ABS -QUESTION
</p>
<p>
“Can you speak?”
</p>
</div>
<p>I’ve also added colours, which have a delightfully pointless inconsistency - ‘ax’ means colour, and is attached to the start of a word to indicate “the colour of this”, for example, numiʃaam means light (as in, not dark), so axnumiʃaam means “white”. But, if a colour is incorporated into a noun, ‘ax’ becomes ‘aʝ’ (thus, “white flower” is ‘aʝnumiʃaambanani’). Why? Well, presumably it had some grammatical/phonetic function in an ancient form of the language, but is now just a little quirk left as a remnant of some older grammatical system. I like introducing small inconsistencies like this, because it makes the language feel more natural - no real language is perfectly ordered, and every language has to deal with historical stuff that makes no sense.</p>
<p>I’ve also seperated the lexicon into it’s own file (but it’s missing a few entries, I’ll have to update it soon), and more importantly, started a page to describe çabi, the moon on which dapiica is spoken.</p>
<p>Check out <a href="/dapiica">dapiica here</a> or <a href="/dapiica/moon">çabi here</a>!</p>
]]></summary>
</entry>
<entry>
    <title>Dapiica: Locatives and Aspiration</title>
    <link href="https://averyglitch.neocities.org/posts/2017-07-23-dapiica-locatives-and-aspiration.html" />
    <id>https://averyglitch.neocities.org/posts/2017-07-23-dapiica-locatives-and-aspiration.html</id>
    <published>2017-07-23T00:00:00Z</published>
    <updated>2017-07-23T00:00:00Z</updated>
    <summary type="html"><![CDATA[<div class="info">
    Posted on July 23, 2017
    
</div>
<div class="info">
    
    Tags: <a href="/tags/dapiica.html">dapiica</a>
    
</div>

<h2 id="aspiration">Aspiration</h2>
<p>Aspiration, for my non-linguist readers, is a phonetic feature of consonants - you breathe out a puff of air as you pronounce the sound. In English, this isn’t phonemic - English speakers consider [pʰ] (aspirated p) and [p] to be the same sound. You can hear the difference if you pronounce “percent” [pʰeːsɛnt] and then “super” [sʉpə].</p>
<p>Allophones like this always occur in predictable ways - in English, /p/ is pronounced [pʰ] at the start of a word, and [p] elsewhere.</p>
<p>Thus far, I’ve been considering them to be allophonic in dapiica as well, but what I haven’t decided is <strong>where</strong> a sound is aspirated, and where it’s not.</p>
<h2 id="locatives">Locatives</h2>
<p>In English, we have prepositions and Prepositional Phrases. For example, in the phrase “she’s <em>at the potionmaker’s home</em>”, <em>at the potionmaker’s home</em> is a Prepositional Phrase, indicating where she is. <em>at</em> is the preposition, and is called a preposition becuase it comes before the position.</p>
<p>In Dapiica, we have circumpositions - instead of being <em>before</em> the position, they surround the position.</p>
<p>Since they are attached to roots instead of existing as seperate words, linguists prefer to call these “Locatives” <sup>[citation needed]</sup>.</p>
<p>The first locative to talk about is the “at” locative (also known as “the Locative”, somewhat confusingly):</p>
<div data-gloss="">
<p>
ŋiiŋ dinadacaʃtip’aβguβiʃdonoba
</p>
<p>
ŋii -ŋ dina- da- caʃti- p’a -β -gu- βiʃ -don -oba
</p>
<p>
COP.CIRC -3PROX LOC.CIRC- NMZ- potion- make -PERSON -POSS- home -LOC.CIRC -COP.CIRC
</p>
<p>
“They are at the potionmaker’s home”
</p>
</div>
<p>As you can see, it can get a bit lengthy!</p>
<p>For more details, check out the prepositions section on <a href="/dapiica">the dapiica page</a>.</p>
]]></summary>
</entry>
<entry>
    <title>Dapiica: Possession and Copula</title>
    <link href="https://averyglitch.neocities.org/posts/2017-07-07-dapiica-possession-and-copula.html" />
    <id>https://averyglitch.neocities.org/posts/2017-07-07-dapiica-possession-and-copula.html</id>
    <published>2017-07-07T00:00:00Z</published>
    <updated>2017-07-07T00:00:00Z</updated>
    <summary type="html"><![CDATA[<div class="info">
    Posted on July  7, 2017
    
</div>
<div class="info">
    
    Tags: <a href="/tags/dapiica.html">dapiica</a>
    
</div>

<p>Two new sections in the Dapiica page:</p>
<ul>
<li><a href="/dapiica#possession-and-prepositions">A section about how possession works</a>. Possession is perhaps surprisingly complicated - there are several different ways to indicate possession, which each have various grammatical consequences.</li>
<li><a href="/dapiica#the-copula">A section about the Copula</a>. This section is perhaps misnamed - “the copula” typically refers to a <em>word</em>, whereas in dapiica it is a circumclitic.</li>
</ul>
<p>As I mention on the page, the circumclitic is unique to dapiica. I don’t provide any proof that it <strong>is</strong> a circumclitic on the actual page, however, so I decided to do it here.</p>
<p>In order for it to be a circumfix, the prefix part must be present if the suffix is present, and visa versa. This is fairly trivial:</p>
<ul>
<li><em>ŋiibananiʔoba</em></li>
<li><em>ŋiiɸuumoba</em></li>
<li><em>ŋiicaʃtidiβoba</em></li>
</ul>
<p>Every instance has both - if we made a list of every word <em>w</em> which could be in the sentence “There is/There are <em>w</em>”, we would translate that as ‘ŋii(ʔ)<em>w</em>(ʔ)oba’. So, in the case of a single word, we can see that it behaves like a circumfix.</p>
<p>In order for a morpheme with the form of an affix to be a clitic, it must syntactically behave like a word. This can be shown with the first example on the page:</p>
<ul>
<li><em>ŋiidapiica dacaponoba</em></li>
</ul>
<p>We see that the second half of the morpheme has moved to a different part of the sentence, thus it behaves like a word.</p>
<h3 id="feedback">Feedback</h3>
<p>If you spot any mistakes anywhere, or if an explanation isn’t clear, please let me know! My email address can be found on the <a href="/about.html">about page</a>. I’m looking into adding a comment system of some kind, so that people can respond without having to go to the effort of writing an email, but that will take a while.</p>
]]></summary>
</entry>
<entry>
    <title>Dapiica in a Nutshell</title>
    <link href="https://averyglitch.neocities.org/posts/2017-07-05-dapiica-in-a-nutshell.html" />
    <id>https://averyglitch.neocities.org/posts/2017-07-05-dapiica-in-a-nutshell.html</id>
    <published>2017-07-05T00:00:00Z</published>
    <updated>2017-07-05T00:00:00Z</updated>
    <summary type="html"><![CDATA[<div class="info">
    Posted on July  5, 2017
    
</div>
<div class="info">
    
    Tags: <a href="/tags/dapiica.html">dapiica</a>
    
</div>

<p>Dapiica is a language that I’ve been working on for a few months now. It’s not yet grammatically complete (for example I can’t yet translate even sentences as simple as “I saw them in the garden”), but it’s complete enough that I’m going to share what I have so far!</p>
<p>It’s spoken on an alien moon orbiting a gas giant, somewhere else in the galaxy. Its speakers are primarily a species of semi-amphibious, nest-based aliens. This adds some interesting wrinkles into the design of the language:</p>
<ul>
<li>Since they don’t have multiple sexes, the concept of gender isn’t relevant to any part of the language. There are no gendered grammatical systems (like English’s he/she pronouns) or gendered words of any kind.</li>
<li>They have a completely different system for tracking time, that takes into account not only the different rotation speeds of the local astronomical bodies, but also the difference between time spent in sunlight and time spent in the shadow of the planet they orbit.</li>
<li>Due to a large amount of time spent in/around water, any writing system needs to be waterproof.</li>
<li>The distance of the moon from the sun means that most of the energy that they receive <strong>doesn’t</strong> come from the sun, but rather from volcanic activity in the planet itself.</li>
</ul>
<p>For more of the details of the language, <a href="/dapiica">click here</a> (or click on the big link to “Dapiica” at the top of the site).</p>
]]></summary>
</entry>

</feed>
